Caja,AÒo,Edad Victima,Sexo Victima,Parentesco,Edad Agresor,Sexo Agresor,Colonia,Estado Civil,Labora,Tipo Violencia,Maltrato,Abandono,Trabajo Social,Trabajo Infantil,FÌsica,Sexual,OmisiÛn de Cuidados,PsicolÛgica,Negligencia
4,2020,11,FEMENINO,ABUELA,0,FEMENINO,5 DE MAYO,S/R,S/R,NEGLIGENCIA,0,0,0,0,0,0,0,0,1
4,2020,12,MASCULINO,PADRE,0,MASCULINO,5 DE MAYO,S/R,NO,TRABAJO INFANTIL,0,0,0,1,0,0,0,0,0
4,2020,96,MASCULINO,S/R,0,MASCULINO,AMPLIACION HIGUERA,S/R,S/R,ABANDONO,0,1,0,0,0,0,0,0,0
4,2020,5,MASCULINO,MADRE,35,FEMENINO,BARRIO NORTE,SOLTERO(A),SI,F√çSICA/NEGLIGENCIA,0,0,0,0,1,0,0,0,1
4,2020,2,MASCULINO,MADRE,35,FEMENINO,BARRIO NORTE,SOLTERO(A),SI,F√çSICA/NEGLIGENCIA,0,0,0,0,1,0,0,0,1
4,2020,6,MASCULINO,ABUELO,48,MASCULINO,BONFIL,SOLTERO(A),NO,NEGLIGENCIA,0,0,0,0,0,0,0,0,1
4,2020,6,FEMENINO,ABUELA,51,FEMENINO,BONFIL,CASADO(A),S/R,PSICOL√ìGICA,0,0,0,0,0,0,0,1,0
4,2020,35,FEMENINO,ABUELA,51,FEMENINO,BONFIL,CASADO(A),S/R,PSICOL√ìGICA,0,0,0,0,0,0,0,1,0
4,2020,2,MASCULINO,MADRE,19,FEMENINO,BOSQUES DE IZTACALA,S/R,S/R,NEGLIGENCIA,0,0,0,0,0,0,0,0,1
4,2020,8,FEMENINO,S/R,0,S/R,CLUB DE GOLFO HACIENDA,S/R,S/R,F√çSICA,0,0,0,0,1,0,0,0,0
4,2020,15,FEMENINO,MADRE,0,FEMENINO,EMILIANO ZAPATA,S/R,S/R,NEGLIGENCIA,0,0,0,0,0,0,0,0,1
4,2020,8,FEMENINO,MADRE,0,FEMENINO,EMILIANO ZAPATA,S/R,S/R,NEGLIGENCIA,0,0,0,0,0,0,0,0,1
4,2020,11,MASCULINO,PADRE,0,MASCULINO,EMILIANO ZAPATA,UNI√ìN LIBRE,S/R,TRABAJO INFANTIL,0,0,0,1,0,0,0,0,0
4,2020,75,FEMENINO,HIJO,40,MASCULINO,EXPLANADA DE CALACOAYA,S/R,SI,NEGLIGENCIA,0,0,0,0,0,0,0,0,1
4,2020,11,FEMENINO,MADRE,0,FEMENINO,HACIENDA VALLE ESCONDIDO,S/R,SI,PSICOL√ìGICA,0,0,0,0,0,0,0,1,0
4,2020,95,FEMENINO,HIJO,62,MASCULINO,LA HIGUERA,S/R,S/R,NEGLIGENCIA,0,0,0,0,0,0,0,0,1
4,2020,11,MASCULINO,MADRE,38,FEMENINO,LA HIGUERA,SOLTERO(A),NO,NEGLIGENCIA,0,0,0,0,0,0,0,0,1
4,2020,11,FEMENINO,MADRE,37,FEMENINO,LA HIGUERA,S/R,SI,PSICOL√ìGICA,0,0,0,0,0,0,0,1,0
4,2020,10,MASCULINO,MADRE,37,FEMENINO,LA HIGUERA,S/R,SI,PSICOL√ìGICA,0,0,0,0,0,0,0,1,0
4,2020,2,MASCULINO,PADRE,32,MASCULINO,LA HIGUERA,CASADO(A),S/R,ABANDONO/NEGLIGENCIA,0,1,0,0,0,0,0,0,1
4,2020,1,FEMENINO,PADRE,32,MASCULINO,LA HIGUERA,CASADO(A),S/R,ABANDONO/NEGLIGENCIA,0,1,0,0,0,0,0,0,1
4,2020,0,FEMENINO,HERMANO,0,S/R,LA HIGUERA,S/R,S/R,SEXUAL,0,0,0,0,0,1,0,0,0
4,2020,17,FEMENINO,S/R,0,S/R,LAS AGUILAS,S/R,S/R,SEXUAL,0,0,0,0,0,1,0,0,0
4,2020,0,MASCULINO,S/R,0,S/R,LAS AGUILAS,S/R,S/R,SEXUAL,0,0,0,0,0,1,0,0,0
4,2020,6,MASCULINO,TIO MATERNO,26,MASCULINO,LAS AGUILAS,S/R,S/R,SEXUAL,0,0,0,0,0,1,0,0,0
4,2020,4,MASCULINO,TIO MATERNO,26,MASCULINO,LAS AGUILAS,S/R,S/R,SEXUAL,0,0,0,0,0,1,0,0,0
4,2020,1,MASCULINO,TIO MATERNO,26,MASCULINO,LAS AGUILAS,S/R,S/R,SEXUAL,0,0,0,0,0,1,0,0,0
4,2020,12,FEMENINO,MADRE,31,FEMENINO,LOMAS DE GUADALUPE,S/R,S/R,NEGLIGENCIA/PSICOL√ìGICA,0,0,0,0,0,0,0,1,1
4,2020,7,FEMENINO,MADRE,31,FEMENINO,LOMAS DE GUADALUPE,S/R,S/R,NEGLIGENCIA/PSICOL√ìGICA,0,0,0,0,0,0,0,1,1
4,2020,5,MASCULINO,MADRE,31,FEMENINO,LOMAS DE GUADALUPE,S/R,S/R,NEGLIGENCIA/PSICOL√ìGICA,0,0,0,0,0,0,0,1,1
4,2020,16,MASCULINO,PADRE,0,MASCULINO,LOMAS DE SAN MIGUEL,VIUDO(A),SI,NEGLIGENCIA,0,0,0,0,0,0,0,0,1
4,2020,0,MASCULINO,MADRE,21,FEMENINO,LOMAS DE TEPALCAPA,UNI√ìN LIBRE,SI,NEGLIGENCIA,0,0,0,0,0,0,0,0,1
4,2020,17,FEMENINO,MADRE,0,FEMENINO,ADOLFO LOPEZ MATEOS,S/R,S/R,NEGLIGENCIA,0,0,0,0,0,0,0,0,1
4,2020,4,FEMENINO,MADRE,24,FEMENINO,MEXICO 86,S/R,S/R,ABANDONO/NEGLIGENCIA,0,1,0,0,0,0,0,0,1
4,2020,3,MASCULINO,MADRE,24,FEMENINO,MEXICO 86,S/R,S/R,NEGLIGENCIA,0,0,0,0,0,0,0,0,1
4,2020,4,MASCULINO,PADRE,46,MASCULINO,MEXICO 87,S/R,S/R,F√çSICA,0,0,0,0,1,0,0,0,0
4,2020,17,FEMENINO,PADRE,46,MASCULINO,MEXICO 88,S/R,S/R,F√çSICA,0,0,0,0,1,0,0,0,0
4,2020,12,MASCULINO,PADRE,0,MASCULINO,PRADOS DE IZTACALA,S/R,S/R,TRABAJO INFANTIL,0,0,0,1,0,0,0,0,0
4,2020,12,FEMENINO,MADRE,30,FEMENINO,SAN JOSE DEL JARAL,S/R,SI,SEXUAL,0,0,0,0,0,1,0,0,0
4,2020,15,FEMENINO,HERMANO,22,MASCULINO,SAN JOSE DEL JARAL,SOLTERO(A),S/R,NEGLIGENCIA,0,0,0,0,0,0,0,0,1
4,2020,12,FEMENINO,T√çA,0,FEMENINO,SAN MARTIN,S/R,S/R,NEGLIGENCIA,0,0,0,0,0,0,0,0,1
4,2020,14,FEMENINO,MADRE,0,FEMENINO,SAN MATEO TECOLOAPAN,UNI√ìN LIBRE,S/R,NEGLIGENCIA,0,0,0,0,0,0,0,0,1
4,2020,15,MASCULINO,MADRE,43,FEMENINO,SAN MATEO TECOLOAPAN,S/R,S/R,NEGLIGENCIA,0,0,0,0,0,0,0,0,1
4,2020,12,FEMENINO,MADRE,33,FEMENINO,SAN MIGUEL XOCHIMANGA,S/R,S/R,NEGLIGENCIA,0,0,0,0,0,0,0,0,1
4,2020,16,MASCULINO,PADRE,40,MASCULINO,VILLA JARDIN,CASADO(A),S/R,NEGLIGENCIA,0,0,0,0,0,0,0,0,1
4,2020,13,MASCULINO,PADRE,40,MASCULINO,VILLA JARDIN,CASADO(A),S/R,NEGLIGENCIA,0,0,0,0,0,0,0,0,1
4,2020,13,MASCULINO,PADRE,0,MASCULINO,VILLA JARDIN,S/R,S/R,NEGLIGENCIA,0,0,0,0,0,0,0,0,1
5,2020,0,MASCULINO,MADRE,14,FEMENINO,LOMAS DE SAN LORENZO,SOLTERO(A),NO,F√çSICA/NEGLIGENCIA,0,0,0,0,1,0,0,0,1
5,2020,98,FEMENINO,NIETO,47,MASCULINO,LOMAS DE GUADALUPE,SOLTERO(A),SI,NEGLIGENCIA,0,0,0,0,0,0,0,0,1
5,2020,6,MASCULINO,MADRE,23,FEMENINO,IGNACIO LOPEZ RAYON,UNI√ìN LIBRE,SI,NEGLIGENCIA/PSICOL√ìGICA,0,0,0,0,0,0,0,1,1
5,2020,5,MASCULINO,MADRE,23,FEMENINO,IGNACIO LOPEZ RAYON,UNI√ìN LIBRE,SI,NEGLIGENCIA/PSICOL√ìGICA,0,0,0,0,0,0,0,1,1
5,2020,13,FEMENINO,MADRE,29,FEMENINO,SAN MARTIN DE PORRES,DIVORCIADO(A),SI,NEGLIGENCIA,0,0,0,0,0,0,0,0,1
5,2020,4,FEMENINO,MADRE,29,FEMENINO,SAN MARTIN DE PORRES,DIVORCIADO(A),SI,NEGLIGENCIA,0,0,0,0,0,0,0,0,1
5,2020,11,FEMENINO,MADRE,41,FEMENINO,FUENTES DE SATELITE,CASADO(A),SI,F√çSICA/PSICOL√ìGICA,0,0,0,0,1,0,0,1,0
5,2020,0,FEMENINO,MADRE,35,FEMENINO,LOMAS DE GUADALUPE,UNI√ìN LIBRE,SI,F√çSICA/PSICOL√ìGICA,0,0,0,0,1,0,0,1,0
5,2020,17,MASCULINO,MADRE,35,FEMENINO,LOMAS DE GUADALUPE,UNI√ìN LIBRE,SI,F√çSICA/PSICOL√ìGICA,0,0,0,0,1,0,0,1,0
5,2020,11,FEMENINO,MADRE,35,FEMENINO,LOMAS DE GUADALUPE,UNI√ìN LIBRE,SI,F√çSICA/PSICOL√ìGICA,0,0,0,0,1,0,0,1,0
5,2020,6,FEMENINO,MADRE,35,FEMENINO,LOMAS DE GUADALUPE,UNI√ìN LIBRE,SI,F√çSICA/PSICOL√ìGICA,0,0,0,0,1,0,0,1,0
5,2020,5,MASCULINO,MADRE,35,FEMENINO,LOMAS DE GUADALUPE,UNI√ìN LIBRE,SI,F√çSICA/PSICOL√ìGICA,0,0,0,0,1,0,0,1,0
5,2020,1,FEMENINO,MADRE,35,FEMENINO,LOMAS DE GUADALUPE,UNI√ìN LIBRE,SI,F√çSICA/PSICOL√ìGICA,0,0,0,0,1,0,0,1,0
5,2020,1,MASCULINO,MADRE,32,FEMENINO,LAZARO CARDENAS,S/R,SI,NEGLIGENCIA,0,0,0,0,0,0,0,0,1
5,2020,7,MASCULINO,MADRE,32,FEMENINO,LAZARO CARDENAS,S/R,SI,NEGLIGENCIA,0,0,0,0,0,0,0,0,1
5,2020,9,MASCULINO,MADRE,32,FEMENINO,LAZARO CARDENAS,S/R,SI,NEGLIGENCIA,0,0,0,0,0,0,0,0,1
5,2020,85,MASCULINO,HIJA,0,FEMENINO,EXPLANADA DE CALACOAYA,S/R,S/R,ABANDONO,0,1,0,0,0,0,0,0,0
5,2020,17,MASCULINO,PADRE,42,MASCULINO,LOMAS DE SAN LORENZO,UNI√ìN LIBRE,SI,NEGLIGENCIA/PSICOL√ìGICA,0,0,0,0,0,0,0,1,1
5,2020,14,MASCULINO,PADRE,42,MASCULINO,LOMAS DE SAN LORENZO,UNI√ìN LIBRE,SI,NEGLIGENCIA/PSICOL√ìGICA,0,0,0,0,0,0,0,1,1
5,2020,11,MASCULINO,PADRE,42,MASCULINO,LOMAS DE SAN LORENZO,UNI√ìN LIBRE,SI,NEGLIGENCIA/PSICOL√ìGICA,0,0,0,0,0,0,0,1,1
5,2020,6,MASCULINO,MADRE,40,FEMENINO,LAZARO CARDENAS,SOLTERO(A),NO,NEGLIGENCIA,0,0,0,0,0,0,0,0,1
5,2020,5,MASCULINO,MADRE,24,FEMENINO,SAN MARTIN DE PORRES,CASADO(A),NO,F√çSICA/NEGLIGENCIA/PSICOL√ìGICA,0,0,0,0,1,0,0,1,1
5,2020,8,FEMENINO,SE DESCONOCE,65,MASCULINO,CALACOAYA,S/R,NO,ABANDONO,0,1,0,0,0,0,0,0,0
5,2020,9,MASCULINO,MADRE,25,MASCULINO,LAZARO CARDENAS,SOLTERO(A),NO,NEGLIGENCIA,0,0,0,0,0,0,0,0,1
5,2020,1,MASCULINO,MADRE,25,FEMENINO,LAZARO CARDENAS,SOLTERO(A),NO,NEGLIGENCIA,0,0,0,0,0,0,0,0,1
5,2020,85,FEMENINO,HIJO,0,MASCULINO,JARDINES DE ATIZAPAN,S/R,SI,NEGLIGENCIA/OMISI√ìN DE CUIDADOS,0,0,0,0,0,0,1,0,1
5,2020,65,FEMENINO,ESPOSO,68,MASCULINO,LOMAS DE SAN LORENZO,CASADO(A),SI,PSICOL√ìGICA,0,0,0,0,0,0,0,1,0
5,2020,0,FEMENINO,PADRASTRO,0,MASCULINO,LOMAS DE SAN LORENZO,S/R,S/R,NEGLIGENCIA,0,0,0,0,0,0,0,0,1
5,2020,12,FEMENINO,PADRE,36,MASCULINO,LOMAS DE SAN LORENZO,CASADO(A),SI,NEGLIGENCIA,0,0,0,0,0,0,0,0,1
5,2020,7,FEMENINO,PADRE,36,MASCULINO,LOMAS DE SAN LORENZO,CASADO(A),SI,NEGLIGENCIA,0,0,0,0,0,0,0,0,1
5,2020,0,FEMENINO,PADRE,36,MASCULINO,LOMAS DE SAN LORENZO,CASADO(A),SI,NEGLIGENCIA,0,0,0,0,0,0,0,0,1
5,2020,17,MASCULINO,MADRE,40,FEMENINO,CALACOAYA,SOLTERO(A),NO,F√çSICA/PSICOL√ìGICA,0,0,0,0,1,0,0,1,0
5,2020,15,MASCULINO,MADRE,40,FEMENINO,CALACOAYA,SOLTERO(A),NO,F√çSICA/PSICOL√ìGICA,0,0,0,0,1,0,0,1,0
5,2020,10,MASCULINO,MADRE,40,FEMENINO,CALACOAYA,SOLTERO(A),NO,F√çSICA/PSICOL√ìGICA,0,0,0,0,1,0,0,1,0
5,2020,84,MASCULINO,HIJO,38,MASCULINO,EL POTRERO,S/R,S/R,NEGLIGENCIA/PSICOL√ìGICA,0,0,0,0,0,0,0,1,1
5,2020,70,FEMENINO,HIJO,40,MASCULINO,LAZARO CARDENAS,S/R,S/R,F√çSICA/PSICOL√ìGICA,0,0,0,0,1,0,0,1,0
5,2020,90,FEMENINO,SOBRINA,48,FEMENINO,JARDINES DE ATIZAPAN,SOLTERO(A),SI,NEGLIGENCIA,0,0,0,0,0,0,0,0,1
5,2020,90,FEMENINO,SOBRINA,48,FEMENINO,JARDINES DE ATIZAPAN,SOLTERO(A),SI,NEGLIGENCIA,0,0,0,0,0,0,0,0,1
5,2020,13,FEMENINO,MADRE,35,FEMENINO,EL POTRERO,CASADO(A),SI,NEGLIGENCIA,0,0,0,0,0,0,0,0,1
5,2020,10,FEMENINO,MADRE,35,FEMENINO,EL POTRERO,CASADO(A),SI,NEGLIGENCIA,0,0,0,0,0,0,0,0,1
5,2020,3,MASCULINO,MADRE,35,FEMENINO,EL POTRERO,CASADO(A),SI,NEGLIGENCIA,0,0,0,0,0,0,0,0,1
5,2020,14,MASCULINO,PADRE,31,MASCULINO,LAZARO CARDENAS,S/R,S/R,NEGLIGENCIA/PSICOL√ìGICA,0,0,0,0,0,0,0,1,1
5,2020,9,MASCULINO,PADRE,31,MASCULINO,LAZARO CARDENAS,S/R,S/R,NEGLIGENCIA/PSICOL√ìGICA,0,0,0,0,0,0,0,1,1
5,2020,6,MASCULINO,PADRE,31,MASCULINO,LAZARO CARDENAS,S/R,S/R,NEGLIGENCIA/PSICOL√ìGICA,0,0,0,0,0,0,0,1,1
5,2020,5,MASCULINO,PADRE,31,MASCULINO,LAZARO CARDENAS,S/R,S/R,NEGLIGENCIA/PSICOL√ìGICA,0,0,0,0,0,0,0,1,1
5,2020,7,MASCULINO,PADRE,0,MASCULINO,CRISTOBAL HIGUERA,CASADO(A),SI,NEGLIGENCIA,0,0,0,0,0,0,0,0,1
5,2020,0,MASCULINO,MADRE,19,FEMENINO,LAS AGUILAS,S/R,S/R,F√çSICA/PSICOL√ìGICA,0,0,0,0,1,0,0,1,0
5,2020,0,FEMENINO,MADRE,0,FEMENINO,SAN MIGUEL XOCHIMANGA,S/R,S/R,F√çSICA,0,0,0,0,1,0,0,0,0
5,2020,60,FEMENINO,NUERA,0,FEMENINO,SAN MATEO TECOLOAPAN,CASADO(A),S/R,ABANDONO/F√çSICA/PSICOL√ìGICA/NEGLIGENCIA,0,1,0,0,1,0,0,1,1
5,2020,1,FEMENINO,MADRE,0,FEMENINO,5 DE MAYO,CASADO(A),S/R,F√çSICA,0,0,0,0,1,0,0,0,0
5,2020,4,MASCULINO,MADRE,0,FEMENINO,6 DE MAYO,CASADO(A),S/R,F√çSICA,0,0,0,0,1,0,0,0,0
5,2020,0,FEMENINO,MADRE,30,FEMENINO,SAN MIGUEL XOCHIMANGA,S/R,NO,F√çSICA/PSICOL√ìGICA,0,0,0,0,1,0,0,1,0
5,2020,13,FEMENINO,PADRASTRO,52,MASCULINO,SAN MIGUEL XOCHIMANGA,CASADO(A),SI,F√çSICA/PSICOL√ìGICA/SEXUAL,0,0,0,0,1,1,0,1,0
5,2020,8,FEMENINO,PADRASTRO,52,MASCULINO,SAN MIGUEL XOCHIMANGA,CASADO(A),SI,F√çSICA/PSICOL√ìGICA/SEXUAL,0,0,0,0,1,1,0,1,0
5,2020,0,MASCULINO,MADRE,0,FEMENINO,1 DE SEPTIEMBRE,SOLTERO(A),SI,NEGLIGENCIA,0,0,0,0,0,0,0,0,1
5,2020,9,MASCULINO,MADRE,0,FEMENINO,LOMAS DE SAN MICHEL,SOLTERO(A),SI,ABANDONO/NEGLIGENCIA,0,1,0,0,0,0,0,0,1
5,2020,11,FEMENINO,MADRE,29,FEMENINO,CRISTOBAL HIGUERA,CASADO(A),SI,NEGLIGENCIA/PSICOL√ìGICA,0,0,0,0,0,0,0,1,1
5,2020,4,MASCULINO,MADRE,24,FEMENINO,TEPALCAPA,S/R,SI,NEGLIGENCIA,0,0,0,0,0,0,0,0,1
5,2020,10,FEMENINO,PADRE,36,MASCULINO,HOGARES DE ATIZAPAN,CASADO(A),SI,PSICOL√ìGICA,0,0,0,0,0,0,0,1,0
5,2020,12,MASCULINO,MADRE,28,FEMENINO,LOMAS LINDAS,S/R,S/R,NEGLIGENCIA,0,0,0,0,0,0,0,0,1
5,2020,30,MASCULINO,VECINO,18,MASCULINO,LAS AGUILAS,S/R,S/R,SEXUAL,0,0,0,0,0,1,0,0,0
5,2020,4,MASCULINO,MADRE,0,FEMENINO,BONFIL,S/R,S/R,SEXUAL,0,0,0,0,0,1,0,0,0
5,2020,4,MASCULINO,MADRE,33,FEMENINO,LA HIGUERA,S/R,SI,PSICOL√ìGICA/TRABAJO SOCIAL,0,0,1,0,0,0,0,1,0
5,2020,9,MASCULINO,PADRE,40,MASCULINO,LOMAS DE TEPALCAPA,S/R,NO,F√çSICA/PSICOL√ìGICA,0,0,0,0,1,0,0,1,0
5,2020,4,MASCULINO,PADRE,40,MASCULINO,LOMAS DE TEPALCAPA,S/R,NO,F√çSICA/PSICOL√ìGICA,0,0,0,0,1,0,0,1,0
5,2020,3,MASCULINO,PADRE,40,MASCULINO,LOMAS DE TEPALCAPA,S/R,NO,F√çSICA/PSICOL√ìGICA,0,0,0,0,1,0,0,1,0
5,2020,3,MASCULINO,PADRE,29,MASCULINO,LOMAS LINDAS,S/R,S/R,PSICOL√ìGICA,0,0,0,0,0,0,0,1,0
5,2020,9,FEMENINO,MADRE,31,FEMENINO,SAN JUAN BOSCO,S/R,SI,NEGLIGENCIA,0,0,0,0,0,0,0,0,1
5,2020,15,FEMENINO,MADRE,33,FEMENINO,LOMAS DE TEPALCAPA,S/R,SI,NEGLIGENCIA,0,0,0,0,0,0,0,0,1
5,2020,15,MASCULINO,MADRE,40,FEMENINO,LOMAS DE TEPALCAPA,SOLTERO(A),SI,ABANDONO/NEGLIGENCIA,0,1,0,0,0,0,0,0,1
5,2020,10,FEMENINO,MADRE,40,FEMENINO,LOMAS DE TEPALCAPA,SOLTERO(A),SI,ABANDONO/NEGLIGENCIA,0,1,0,0,0,0,0,0,1
5,2020,13,FEMENINO,MADRE,0,FEMENINO,LAS AGUILAS,CASADO(A),S/R,ABANDONO/F√çSICA/PSICOL√ìGICA/NEGLIGENCIA,0,1,0,0,1,0,0,1,1
5,2020,12,MASCULINO,MADRE,0,FEMENINO,LAS AGUILAS,CASADO(A),S/R,ABANDONO/F√çSICA/PSICOL√ìGICA/NEGLIGENCIA,0,1,0,0,1,0,0,1,1
5,2020,11,MASCULINO,MADRE,0,FEMENINO,LAS AGUILAS,CASADO(A),S/R,ABANDONO/F√çSICA/PSICOL√ìGICA/NEGLIGENCIA,0,1,0,0,1,0,0,1,1
5,2020,86,FEMENINO,S/R,0,S/R,SAN MATEO,S/R,S/R,ABANDONO,0,1,0,0,0,0,0,0,0
5,2020,2,MASCULINO,MADRE,25,FEMENINO,LA HIGUERA,UNI√ìN LIBRE,S/R,F√çSICA,0,0,0,0,1,0,0,0,0
5,2020,0,MASCULINO,MADRE,25,FEMENINO,LA HIGUERA,UNI√ìN LIBRE,S/R,F√çSICA,0,0,0,0,1,0,0,0,0
5,2020,2,MASCULINO,MADRE,26,FEMENINO,LAS AGUILAS,CASADO(A),SI,NEGLIGENCIA,0,0,0,0,0,0,0,0,1
5,2020,5,MASCULINO,HERMANO,19,MASCULINO,LAS AGUILAS,SOLTERO(A),NO,F√çSICA/PSICOL√ìGICA,0,0,0,0,1,0,0,1,0
5,2020,8,MASCULINO,MADRE,28,FEMENINO,LAS AGUILAS,S/R,S/R,NEGLIGENCIA,0,0,0,0,0,0,0,0,1
5,2020,5,MASCULINO,MADRE,28,FEMENINO,LAS AGUILAS,S/R,S/R,NEGLIGENCIA,0,0,0,0,0,0,0,0,1
5,2020,69,MASCULINO,HIJA,44,FEMENINO,LOMAS DE TEPALCAPA,CASADO(A),S/R,NEGLIGENCIA,0,0,0,0,0,0,0,0,1
5,2020,85,FEMENINO,HIJA,47,FEMENINO,1 DE SEPTIEMBRE,S/R,S/R,NEGLIGENCIA,0,0,0,0,0,0,0,0,1
5,2020,83,MASCULINO,HIJA,47,FEMENINO,2 DE SEPTIEMBRE,S/R,S/R,NEGLIGENCIA,0,0,0,0,0,0,0,0,1
5,2020,9,FEMENINO,PADRE,33,MASCULINO,LAS AGUILAS,CASADO(A),SI,F√çSICA/NEGLIGENCIA,0,0,0,0,1,0,0,0,1
5,2020,7,MASCULINO,PADRE,33,MASCULINO,LAS AGUILAS,CASADO(A),SI,F√çSICA/NEGLIGENCIA,0,0,0,0,1,0,0,0,1
5,2020,7,FEMENINO,MADRE,43,FEMENINO,LAS AGUILAS,CASADO(A),S/R,PSICOL√ìGICA,0,0,0,0,0,0,0,1,0
5,2020,14,FEMENINO,MADRE,43,FEMENINO,LAS AGUILAS,CASADO(A),S/R,PSICOL√ìGICA,0,0,0,0,0,0,0,1,0
5,2020,67,FEMENINO,HIJA,33,FEMENINO,LOMAS LINDAS,S/R,S/R,PSICOL√ìGICA,0,0,0,0,0,0,0,1,0
5,2020,1,FEMENINO,MADRE,0,FEMENINO,HIGUERA,SOLTERO(A),SI,ABANDONO/NEGLIGENCIA,0,1,0,0,0,0,0,0,1
5,2020,70,MASCULINO,ESPOSA,70,FEMENINO,SAN MIGUEL XOCHIMANGA,CASADO(A),S/R,NEGLIGENCIA,0,0,0,0,0,0,0,0,1
5,2020,13,MASCULINO,MADRE,33,FEMENINO,HIGUERA,S/R,SI,NEGLIGENCIA/PSICOL√ìGICA,0,0,0,0,0,0,0,1,1
5,2020,17,MASCULINO,MADRE,38,FEMENINO,CRISTOBAL HIGUERA,CASADO(A),SI,NEGLIGENCIA/PSICOL√ìGICA,0,0,0,0,0,0,0,1,1
5,2020,14,MASCULINO,MADRE,38,FEMENINO,CRISTOBAL HIGUERA,CASADO(A),SI,NEGLIGENCIA/PSICOL√ìGICA,0,0,0,0,0,0,0,1,1
5,2020,10,MASCULINO,MADRE,38,FEMENINO,CRISTOBAL HIGUERA,CASADO(A),SI,NEGLIGENCIA/PSICOL√ìGICA,0,0,0,0,0,0,0,1,1
5,2020,17,FEMENINO,PADRE,45,MASCULINO,CRISTOBAL HIGUERA,S/R,SI,NEGLIGENCIA/PSICOL√ìGICA,0,0,0,0,0,0,0,1,1
5,2020,7,FEMENINO,MADRE,28,FEMENINO,LAS AGUILAS,S/R,S/R,NEGLIGENCIA/PSICOL√ìGICA,0,0,0,0,0,0,0,1,1
5,2020,4,MASCULINO,MADRE,28,FEMENINO,LAS AGUILAS,S/R,S/R,NEGLIGENCIA/PSICOL√ìGICA,0,0,0,0,0,0,0,1,1
5,2020,5,FEMENINO,MADRE,28,FEMENINO,LAS AGUILAS,S/R,S/R,NEGLIGENCIA/PSICOL√ìGICA,0,0,0,0,0,0,0,1,1
5,2020,4,MASCULINO,MADRE,22,FEMENINO,BONFIL,S/R,SI,NEGLIGENCIA,0,0,0,0,0,0,0,0,1
5,2020,1,MASCULINO,MADRE,22,FEMENINO,BONFIL,S/R,SI,NEGLIGENCIA,0,0,0,0,0,0,0,0,1
5,2020,8,FEMENINO,MADRE,27,FEMENINO,LAS AGUILAS,S/R,S/R,NEGLIGENCIA/PSICOL√ìGICA,0,0,0,0,0,0,0,1,1
5,2020,5,FEMENINO,MADRE,27,FEMENINO,LAS AGUILAS,S/R,S/R,NEGLIGENCIA/PSICOL√ìGICA,0,0,0,0,0,0,0,1,1
5,2020,61,FEMENINO,ESPOSO,61,MASCULINO,SAN MATEO TECOLOAPAN,CASADO(A),SI,F√çSICA,0,0,0,0,1,0,0,0,0
5,2020,3,FEMENINO,HIJA,21,FEMENINO,5 DE MAYO,S/R,S/R,NEGLIGENCIA,0,0,0,0,0,0,0,0,1
5,2020,24,MASCULINO,MADRE,54,FEMENINO,LOMAS LINDAS,CASADO(A),NO,F√çSICA/PSICOL√ìGICA,0,0,0,0,1,0,0,1,0
5,2020,20,FEMENINO,MADRE,54,FEMENINO,LOMAS LINDAS,CASADO(A),NO,F√çSICA/PSICOL√ìGICA,0,0,0,0,1,0,0,1,0
5,2020,9,FEMENINO,MADRE,54,FEMENINO,LOMAS LINDAS,CASADO(A),NO,F√çSICA/PSICOL√ìGICA,0,0,0,0,1,0,0,1,0
5,2020,11,MASCULINO,MADRE,35,FEMENINO,LAS AGUILAS,CASADO(A),S/R,F√çSICA/NEGLIGENCIA,0,0,0,0,1,0,0,0,1
5,2020,2,MASCULINO,MADRE,26,FEMENINO,MEXICO 86,CASADO(A),S/R,F√çSICA/NEGLIGENCIA,0,0,0,0,1,0,0,0,1
5,2020,14,FEMENINO,MADRE,31,FEMENINO,PRADOS DE IZTACALA,S/R,S/R,F√çSICA/NEGLIGENCIA,0,0,0,0,1,0,0,0,1
5,2020,12,FEMENINO,MADRE,31,FEMENINO,PRADOS DE IZTACALA,S/R,S/R,F√çSICA/NEGLIGENCIA,0,0,0,0,1,0,0,0,1
5,2020,10,FEMENINO,MADRE,31,FEMENINO,PRADOS DE IZTACALA,S/R,S/R,F√çSICA/NEGLIGENCIA,0,0,0,0,1,0,0,0,1
5,2020,8,FEMENINO,MADRE,31,FEMENINO,PRADOS DE IZTACALA,S/R,S/R,F√çSICA/NEGLIGENCIA,0,0,0,0,1,0,0,0,1
5,2020,16,FEMENINO,S/R,0,S/R,ADOLFO LOPEZ MATEOS,S/R,S/R,ABANDONO/F√çSICA/PSICOL√ìGICO,0,1,0,0,1,0,0,1,0
5,2020,2,FEMENINO,MADRE,20,FEMENINO,ATIZAPAN 2000,CASADO(A),SI,ABANDONO/F√çSICA/PSICOL√ìGICA/NEGLIGENCIA,0,1,0,0,1,0,0,1,1
5,2020,9,MASCULINO,MADRE,0,FEMENINO,ADOLFO LOPEZ MATEOS,CASADO(A),S/R,NEGLIGENCIA/PSICOL√ìGICA,0,0,0,0,0,0,0,1,1
5,2020,0,MASCULINO,MADRE,0,FEMENINO,ADOLFO LOPEZ MATEOS,CASADO(A),S/R,NEGLIGENCIA/PSICOL√ìGICA,0,0,0,0,0,0,0,1,1
5,2020,10,MASCULINO,MADRE,28,FEMENINO,ADOLFO LOPEZ MATEOS,S/R,S/R,F√çSICA/NEGLIGENCIA/PSICOL√ìGICA,0,0,0,0,1,0,0,1,1
5,2020,12,FEMENINO,MADRE,28,FEMENINO,ADOLFO LOPEZ MATEOS,S/R,S/R,F√çSICA/NEGLIGENCIA/PSICOL√ìGICA,0,0,0,0,1,0,0,1,1
5,2020,15,FEMENINO,PADRE,37,MASCULINO,ADOLFO LOPEZ MATEOS,CASADO(A),SI,F√çSICA/PSICOL√ìGICA,0,0,0,0,1,0,0,1,0
5,2020,11,MASCULINO,PADRE,37,MASCULINO,ADOLFO LOPEZ MATEOS,CASADO(A),SI,F√çSICA/PSICOL√ìGICA,0,0,0,0,1,0,0,1,0
5,2020,10,MASCULINO,PADRE,37,MASCULINO,ADOLFO LOPEZ MATEOS,CASADO(A),SI,F√çSICA/PSICOL√ìGICA,0,0,0,0,1,0,0,1,0
5,2020,5,MASCULINO,MADRE,22,FEMENINO,EX HACIENDA DEL PEDREGAL,S/R,S/R,NEGLIGENCIA,0,0,0,0,0,0,0,0,1
5,2020,2,MASCULINO,PADRE,25,MASCULINO,PLAN SAGITARIO,CASADO(A),SI,NEGLIGENCIA,0,0,0,0,0,0,0,0,1
5,2020,0,FEMENINO,HIJA,0,FEMENINO,SAN JUAN IXTACALA,CASADO(A),S/R,ABANDONO/NEGLIGENCIA,0,1,0,0,0,0,0,0,1
5,2020,7,MASCULINO,ABUELA,44,FEMENINO,SAN JOSE DEL JARAL,CASADO(A),SI,ABANDONO/F√çSICA/PSICOL√ìGICA/NEGLIGENCIA,0,1,0,0,1,0,0,1,1
5,2020,7,MASCULINO,PADRE,0,MASCULINO,EMILIANO ZAPATA,CASADO(A),SI,NEGLIGENCIA,0,0,0,0,0,0,0,0,1
5,2020,5,MASCULINO,MADRE,25,FEMENINO,VILLA JARDIN,SOLTERO(A),SI,F√çSICA/NEGLIGENCIA,0,0,0,0,1,0,0,0,1
5,2020,6,FEMENINO,MADRE,30,FEMENINO,LOTE 5,CASADO(A),SI,F√çSICA/NEGLIGENCIA,0,0,0,0,1,0,0,0,1
5,2020,7,FEMENINO,MADRE,30,FEMENINO,LOTE 6,CASADO(A),SI,F√çSICA/NEGLIGENCIA,0,0,0,0,1,0,0,0,1
5,2020,2,FEMENINO,ABUELA,30,FEMENINO,ATIZAPAN DE ZARAGOZA,CASADO(A),NO,PSICOL√ìGICA,0,0,0,0,0,0,0,1,0
5,2020,9,MASCULINO,MADRE,0,FEMENINO,CERRO GRANDE,S/R,S/R,NEGLIGENCIA,0,0,0,0,0,0,0,0,1
5,2020,7,MASCULINO,MADRE,0,FEMENINO,SAN MIGUEL,S/R,S/R,F√çSICA/NEGLIGENCIA/PSICOL√ìGICA,0,0,0,0,1,0,0,1,1
5,2020,3,MASCULINO,MADRE,0,FEMENINO,SAN MIGUEL,S/R,S/R,F√çSICA/NEGLIGENCIA/PSICOL√ìGICA,0,0,0,0,1,0,0,1,1
5,2020,9,FEMENINO,MADRE,40,FEMENINO,EL JARAL,CASADO(A),S/R,NEGLIGENCIA,0,0,0,0,0,0,0,0,1
5,2020,10,MASCULINO,MADRE,40,FEMENINO,EL JARAL,CASADO(A),S/R,NEGLIGENCIA,0,0,0,0,0,0,0,0,1
5,2020,7,MASCULINO,MADRE,26,FEMENINO,SAN JOSE DEL JARAL,S/R,NO,ABANDONO/PSICOL√ìGICA,0,1,0,0,0,0,0,1,0
5,2020,5,MASCULINO,MADRE,25,FEMENINO,LOMAS DE SAN LORENZO,S/R,S/R,PSICOL√ìGICA,0,0,0,0,0,0,0,1,0
5,2020,8,MASCULINO,MADRE,34,FEMENINO,VILLAS DE LAS PALMAS,S/R,S/R,NEGLIGENCIA,0,0,0,0,0,0,0,0,1
5,2020,7,MASCULINO,MADRE,34,FEMENINO,VILLAS DE LAS PALMAS,S/R,S/R,NEGLIGENCIA,0,0,0,0,0,0,0,0,1
5,2020,4,FEMENINO,MADRE,34,FEMENINO,VILLAS DE LAS PALMAS,S/R,S/R,NEGLIGENCIA,0,0,0,0,0,0,0,0,1
5,2020,9,FEMENINO,MADRE,28,FEMENINO,REVOLUCION,S/R,S/R,F√çSICA/PSICOL√ìGICA,0,0,0,0,1,0,0,1,0
5,2020,5,FEMENINO,MADRE,28,FEMENINO,REVOLUCION,S/R,S/R,F√çSICA/PSICOL√ìGICA,0,0,0,0,1,0,0,1,0
5,2020,6,MASCULINO,MADRE,26,FEMENINO,EL JARAL,S/R,S/R,NEGLIGENCIA,0,0,0,0,0,0,0,0,1
5,2020,13,MASCULINO,MADRE,50,FEMENINO,SAN JUAN IXTACALA,CASADO(A),S/R,ABANDONO/F√çSICA/PSICOL√ìGICA/NEGLIGENCIA,0,1,0,0,1,0,0,1,1
5,2020,0,FEMENINO,MADRE,23,FEMENINO,PENITAS,CASADO(A),NO,NEGLIGENCIA,0,0,0,0,0,0,0,0,1
5,2020,0,FEMENINO,MADRE,23,FEMENINO,PENITAS,CASADO(A),NO,NEGLIGENCIA,0,0,0,0,0,0,0,0,1
5,2020,6,MASCULINO,MADRE,27,FEMENINO,SAN JUAN IXTACALA,CASADO(A),NO,F√çSICA/PSICOL√ìGICA,0,0,0,0,1,0,0,1,0
5,2020,4,MASCULINO,MADRE,27,FEMENINO,SAN JUAN IXTACALA,CASADO(A),NO,F√çSICA/PSICOL√ìGICA,0,0,0,0,1,0,0,1,0
5,2020,52,MASCULINO,HIJA,38,FEMENINO,LAS PENITAS,S/R,S/R,F√çSICA/PSICOL√ìGICA,0,0,0,0,1,0,0,1,0
5,2020,5,MASCULINO,MADRE,30,FEMENINO,VILLAS DE LAS PALMAS,CASADO(A),S/R,ABANDONO/NEGLIGENCIA,0,1,0,0,0,0,0,0,1
5,2020,8,FEMENINO,MADRE,28,FEMENINO,VILLAS DE LAS PALMAS,S/R,SI,ABANDONO/NEGLIGENCIA,0,1,0,0,0,0,0,0,1
5,2020,8,FEMENINO,MADRE,37,FEMENINO,JACARANDAS DE PRADOS,CASADO(A),S/R,NEGLIGENCIA/PSICOL√ìGICA,0,0,0,0,0,0,0,1,1
5,2020,10,FEMENINO,MADRE,37,FEMENINO,JACARANDAS DE PRADOS,CASADO(A),S/R,NEGLIGENCIA/PSICOL√ìGICA,0,0,0,0,0,0,0,1,1
5,2020,4,FEMENINO,MADRE,23,FEMENINO,EMILIANO ZAPATA,CASADO(A),SI,ABANDONO/NEGLIGENCIA,0,1,0,0,0,0,0,0,1
5,2020,2,FEMENINO,MADRE,23,FEMENINO,EMILIANO ZAPATA,CASADO(A),SI,ABANDONO/NEGLIGENCIA,0,1,0,0,0,0,0,0,1
5,2020,1,MASCULINO,MADRE,26,FEMENINO,PENITAS,CASADO(A),NO,F√çSICA/NEGLIGENCIA,0,0,0,0,1,0,0,0,1
5,2020,3,MASCULINO,MADRE,25,FEMENINO,PENITAS,CASADO(A),S/R,F√çSICA/NEGLIGENCIA,0,0,0,0,1,0,0,0,1
5,2020,9,FEMENINO,MADRE,27,FEMENINO,MIRAFLORES,S/R,SI,NEGLIGENCIA,0,0,0,0,0,0,0,0,1
5,2020,7,MASCULINO,MADRE,27,FEMENINO,MIRAFLORES,S/R,SI,NEGLIGENCIA,0,0,0,0,0,0,0,0,1
5,2020,6,MASCULINO,MADRE,27,FEMENINO,MIRAFLORES,S/R,SI,NEGLIGENCIA,0,0,0,0,0,0,0,0,1
5,2020,10,FEMENINO,MADRE,35,FEMENINO,VILLA DE LAS FLORES,SOLTERO(A),SI,NEGLIGENCIA,0,0,0,0,0,0,0,0,1
5,2020,12,MASCULINO,MADRE,35,FEMENINO,VILLA DE LAS FLORES,SOLTERO(A),SI,NEGLIGENCIA,0,0,0,0,0,0,0,0,1
5,2020,15,MASCULINO,MADRE,35,FEMENINO,VILLA DE LAS FLORES,SOLTERO(A),SI,NEGLIGENCIA,0,0,0,0,0,0,0,0,1
5,2020,11,MASCULINO,MADRE,35,FEMENINO,VILLA DE LAS FLORES,SOLTERO(A),SI,NEGLIGENCIA,0,0,0,0,0,0,0,0,1
5,2020,7,MASCULINO,MADRE,35,FEMENINO,EMILIANO ZAPATA,SOLTERO(A),SI,F√çSICA/NEGLIGENCIA,0,0,0,0,1,0,0,0,1
5,2020,5,FEMENINO,MADRE,27,FEMENINO,PRADOS DE IZTACALA,CASADO(A),NO,NEGLIGENCIA,0,0,0,0,0,0,0,0,1
5,2020,4,MASCULINO,MADRE,27,FEMENINO,PRADOS DE IZTACALA,CASADO(A),NO,NEGLIGENCIA,0,0,0,0,0,0,0,0,1
5,2020,2,MASCULINO,MADRE,27,FEMENINO,PRADOS DE IZTACALA,CASADO(A),NO,NEGLIGENCIA,0,0,0,0,0,0,0,0,1
5,2020,12,FEMENINO,PADRE,50,MASCULINO,SAN JUAN IXTACALA,S/R,SI,NEGLIGENCIA,0,0,0,0,0,0,0,0,1
5,2020,8,FEMENINO,MADRE,32,FEMENINO,EL CAPULIN,SOLTERO(A),SI,NEGLIGENCIA,0,0,0,0,0,0,0,0,1
5,2020,8,MASCULINO,MADRE,28,FEMENINO,VILLAS DE LAS TORRES,SOLTERO(A),SI,NEGLIGENCIA,0,0,0,0,0,0,0,0,1
5,2020,6,MASCULINO,MADRE,28,FEMENINO,VILLAS DE LAS TORRES,SOLTERO(A),SI,NEGLIGENCIA,0,0,0,0,0,0,0,0,1
5,2020,3,MASCULINO,PADRE,23,MASCULINO,SAN JOSE DEL JARAL,CASADO(A),SI,F√çSICA/NEGLIGENCIA/PSICOL√ìGICA,0,0,0,0,1,0,0,1,1
5,2020,4,MASCULINO,PADRE,23,MASCULINO,SAN JOSE DEL JARAL,CASADO(A),SI,F√çSICA/NEGLIGENCIA/PSICOL√ìGICA,0,0,0,0,1,0,0,1,1
5,2020,4,FEMENINO,MADRE,35,FEMENINO,UAM,CASADO(A),SI,NEGLIGENCIA,0,0,0,0,0,0,0,0,1
5,2020,1,FEMENINO,MADRE,25,FEMENINO,MARGARITA MAZA,SOLTERO(A),SI,NEGLIGENCIA,0,0,0,0,0,0,0,0,1
5,2020,2,FEMENINO,MADRE,25,FEMENINO,MARGARITA MAZA,SOLTERO(A),SI,NEGLIGENCIA,0,0,0,0,0,0,0,0,1
5,2020,8,MASCULINO,MADRE,27,FEMENINO,LOMAS DE SAN MIGUEL,SOLTERO(A),SI,NEGLIGENCIA,0,0,0,0,0,0,0,0,1
5,2020,3,FEMENINO,MADRE,25,FEMENINO,MARGARITA MAZA,S/R,S/R,NEGLIGENCIA,0,0,0,0,0,0,0,0,1
5,2020,4,MASCULINO,MADRE,28,FEMENINO,VILLAS DE LA HACIENDA,SOLTERO(A),NO,NEGLIGENCIA,0,0,0,0,0,0,0,0,1
5,2020,1,FEMENINO,MADRE,28,FEMENINO,VILLAS DE LA HACIENDA,SOLTERO(A),NO,NEGLIGENCIA,0,0,0,0,0,0,0,0,1
5,2020,5,MASCULINO,MADRE,28,FEMENINO,VILLAS DE LA HACIENDA,SOLTERO(A),NO,NEGLIGENCIA,0,0,0,0,0,0,0,0,1
5,2020,2,FEMENINO,PADRE,33,MASCULINO,VILLAS DE LA HACIENDA,CASADO(A),SI,NEGLIGENCIA,0,0,0,0,0,0,0,0,1
5,2020,2,FEMENINO,MADRE,35,FEMENINO,LAS PENITAS,CASADO(A),NO,NEGLIGENCIA,0,0,0,0,0,0,0,0,1
5,2020,4,MASCULINO,MADRE,35,FEMENINO,LAS PENITAS,CASADO(A),NO,NEGLIGENCIA,0,0,0,0,0,0,0,0,1
5,2020,3,MASCULINO,MADRE,35,FEMENINO,LAS PENITAS,CASADO(A),NO,NEGLIGENCIA,0,0,0,0,0,0,0,0,1
5,2020,6,FEMENINO,PADRE,32,MASCULINO,EMILIANO ZAPATA,CASADO(A),SI,NEGLIGENCIA,0,0,0,0,0,0,0,0,1
5,2020,8,FEMENINO,PADRE,32,MASCULINO,EMILIANO ZAPATA,CASADO(A),SI,NEGLIGENCIA,0,0,0,0,0,0,0,0,1
5,2020,4,FEMENINO,PADRE,32,MASCULINO,EMILIANO ZAPATA,CASADO(A),SI,NEGLIGENCIA,0,0,0,0,0,0,0,0,1
3,2020,94,FEMENINO,S/R,0,MASCULINO,SAN JUAN BOSCO,S/R,S/R,NEGLIGENCIA,0,0,0,0,0,0,0,0,1
3,2020,14,FEMENINO,S/R,0,MASCULINO,SAN JUAN BOSCO,S/R,S/R,NEGLIGENCIA,0,0,0,0,0,0,0,0,1
3,2020,78,FEMENINO,S/R,0,S/R,LOMAS DE ATIZAPAN,S/R,S/R,NEGLIGENCIA,0,0,0,0,0,0,0,0,1
3,2020,4,MASCULINO,PADRE,33,MASCULINO,MEXICO NUEVO,CASADO(A),SI,PSICOL√ìGICA,0,0,0,0,0,0,0,1,0
3,2020,7,MASCULINO,PADRE,33,MASCULINO,MEXICO NUEVO,CASADO(A),SI,PSICOL√ìGICA,0,0,0,0,0,0,0,1,0
3,2020,11,MASCULINO,PADRE,28,MASCULINO,MEXICO NUEVO,SOLTERO(A),S/R,NEGLIGENCIA,0,0,0,0,0,0,0,0,1
3,2020,9,FEMENINO,T√çA,26,FEMENINO,MEXICO NUEVO,SOLTERO(A),SI,F√çSICA,0,0,0,0,1,0,0,0,0
3,2020,7,MASCULINO,ABUELA,0,FEMENINO,LOMAS DE LA HACIENDA,SOLTERO(A),S/R,F√çSICA/PSICOL√ìGICA,0,0,0,0,1,0,0,1,0
3,2020,2,FEMENINO,ABUELA,0,FEMENINO,MEXICO NUEVO,CASADO(A),NO,PSICOL√ìGICA,0,0,0,0,0,0,0,1,0
3,2020,90,MASCULINO,HIJA,45,FEMENINO,MEXICO NUEVO,CASADO(A),SI,NEGLIGENCIA,0,0,0,0,0,0,0,0,1
3,2020,13,MASCULINO,MADRE,49,FEMENINO,BARRIO NORTE,SOLTERO(A),S/R,NEGLIGENCIA,0,0,0,0,0,0,0,0,1
3,2020,13,MASCULINO,MADRE,40,FEMENINO,ATIZAPAN DE ZARAGOZA,S/R,NO,NEGLIGENCIA,0,0,0,0,0,0,0,0,1
3,2020,15,FEMENINO,MADRE,41,FEMENINO,5 DE MAYO,S/R,S/R,NEGLIGENCIA,0,0,0,0,0,0,0,0,1
3,2020,11,FEMENINO,MADRE,41,FEMENINO,6 DE MAYO,S/R,S/R,NEGLIGENCIA,0,0,0,0,0,0,0,0,1
3,2020,8,MASCULINO,MADRE,41,FEMENINO,7 DE MAYO,S/R,S/R,NEGLIGENCIA,0,0,0,0,0,0,0,0,1
3,2020,6,MASCULINO,MADRE,41,FEMENINO,8 DE MAYO,S/R,S/R,NEGLIGENCIA,0,0,0,0,0,0,0,0,1
3,2020,77,MASCULINO,ESPOSA,72,FEMENINO,MEXICO NUEVO,CASADO(A),SI,NEGLIGENCIA,0,0,0,0,0,0,0,0,1
3,2020,4,MASCULINO,S/R,0,FEMENINO,MEXICO NUEVO,S/R,S/R,SEXUAL,0,0,0,0,0,1,0,0,0
3,2020,11,FEMENINO,PADRE,30,MASCULINO,CONDESA,CASADO(A),SI,ABANDONO/F√çSICA/PSICOL√ìGICA/NEGLIGENCIA,0,1,0,0,1,0,0,1,1
3,2020,9,FEMENINO,PADRE,30,MASCULINO,CONDESA,CASADO(A),SI,ABANDONO/F√çSICA/PSICOL√ìGICA/NEGLIGENCIA,0,1,0,0,1,0,0,1,1
3,2020,4,FEMENINO,S/R,4,MASCULINO,MEXICO NUEVO,S/R,S/R,SEXUAL,0,0,0,0,0,1,0,0,0
3,2020,4,FEMENINO,COMPA√ëERO DE LA ESCUELA,4,MASCULINO,MEXICO NUEVO,S/R,S/R,PSICOL√ìGICA/SEXUAL,0,0,0,0,0,1,0,1,0
3,2020,63,MASCULINO,HIJO,38,MASCULINO,MEXICO NUEVO,CASADO(A),SI,F√çSICA/PSICOL√ìGICA,0,0,0,0,1,0,0,1,0
3,2020,90,MASCULINO,S/R,0,FEMENINO,LA FUENTE,S/R,S/R,ABANDONO/NEGLIGENCIA,0,1,0,0,0,0,0,0,1
3,2020,17,FEMENINO,MADRE,56,FEMENINO,BARRIO NORTE,CASADO(A),S/R,NEGLIGENCIA,0,0,0,0,0,0,0,0,1
3,2020,15,MASCULINO,MADRE,56,FEMENINO,BARRIO NORTE,CASADO(A),S/R,NEGLIGENCIA,0,0,0,0,0,0,0,0,1
3,2020,13,MASCULINO,MADRE,28,FEMENINO,MEXICO NUEVO,CASADO(A),SI,NEGLIGENCIA/PSICOL√ìGICA,0,0,0,0,0,0,0,1,1
3,2020,7,MASCULINO,MADRE,28,FEMENINO,MEXICO NUEVO,CASADO(A),SI,NEGLIGENCIA/PSICOL√ìGICA,0,0,0,0,0,0,0,1,1
3,2020,2,FEMENINO,MADRE,28,FEMENINO,MEXICO NUEVO,CASADO(A),SI,NEGLIGENCIA/PSICOL√ìGICA,0,0,0,0,0,0,0,1,1
3,2020,10,MASCULINO,TIA ABUELA,56,FEMENINO,ATIZAPAN CENTRO,S/R,SI,PSICOL√ìGICA,0,0,0,0,0,0,0,1,0
3,2020,15,MASCULINO,TIA ABUELA,56,FEMENINO,ATIZAPAN CENTRO,S/R,SI,PSICOL√ìGICA,0,0,0,0,0,0,0,1,0
3,2020,17,FEMENINO,MADRE,53,FEMENINO,BARRIO NORTE,S/R,S/R,NEGLIGENCIA,0,0,0,0,0,0,0,0,1
3,2020,5,MASCULINO,MADRE,29,FEMENINO,SAN MARTIN,S/R,S/R,NEGLIGENCIA,0,0,0,0,0,0,0,0,1
3,2020,0,MASCULINO,MADRE,29,FEMENINO,SAN MARTIN,S/R,S/R,NEGLIGENCIA,0,0,0,0,0,0,0,0,1
3,2020,4,MASCULINO,MADRE,17,FEMENINO,SAN LORENZO,CASADO(A),S/R,NEGLIGENCIA,0,0,0,0,0,0,0,0,1
3,2020,2,MASCULINO,MADRE,17,FEMENINO,SAN LORENZO,CASADO(A),S/R,NEGLIGENCIA,0,0,0,0,0,0,0,0,1
3,2020,3,FEMENINO,MADRE,22,FEMENINO,EL POTRERO,S/R,NO,NEGLIGENCIA,0,0,0,0,0,0,0,0,1
3,2020,2,FEMENINO,MADRE,22,FEMENINO,EL POTRERO,S/R,NO,NEGLIGENCIA,0,0,0,0,0,0,0,0,1
3,2020,14,FEMENINO,MADRE,32,FEMENINO,SAN LORENZO,CASADO(A),SI,F√çSICA/NEGLIGENCIA,0,0,0,0,1,0,0,0,1
3,2020,13,MASCULINO,MADRE,32,FEMENINO,SAN LORENZO,CASADO(A),SI,F√çSICA/NEGLIGENCIA,0,0,0,0,1,0,0,0,1
3,2020,7,MASCULINO,MADRE,32,FEMENINO,SAN LORENZO,CASADO(A),SI,F√çSICA/NEGLIGENCIA,0,0,0,0,1,0,0,0,1
3,2020,7,FEMENINO,MADRE,32,FEMENINO,SAN LORENZO,CASADO(A),SI,F√çSICA/NEGLIGENCIA,0,0,0,0,1,0,0,0,1
3,2020,16,FEMENINO,MADRE,35,FEMENINO,LOMAS DE GUADALUPE,CASADO(A),NO,F√çSICA/NEGLIGENCIA/PSICOL√ìGICA,0,0,0,0,1,0,0,1,1
3,2020,14,FEMENINO,MADRE,35,FEMENINO,LOMAS DE GUADALUPE,CASADO(A),NO,F√çSICA/NEGLIGENCIA/PSICOL√ìGICA,0,0,0,0,1,0,0,1,1
3,2020,13,MASCULINO,MADRE,35,FEMENINO,LOMAS DE GUADALUPE,CASADO(A),NO,F√çSICA/NEGLIGENCIA/PSICOL√ìGICA,0,0,0,0,1,0,0,1,1
3,2020,10,FEMENINO,MADRE,35,FEMENINO,LOMAS DE GUADALUPE,CASADO(A),NO,F√çSICA/NEGLIGENCIA/PSICOL√ìGICA,0,0,0,0,1,0,0,1,1
3,2020,12,FEMENINO,PADRE,35,MASCULINO,LAS FLORES,CASADO(A),SI,NEGLIGENCIA,0,0,0,0,0,0,0,0,1
3,2020,8,FEMENINO,PADRE,35,MASCULINO,LAS FLORES,CASADO(A),SI,NEGLIGENCIA,0,0,0,0,0,0,0,0,1
3,2020,5,MASCULINO,PADRE,35,MASCULINO,LAS FLORES,CASADO(A),SI,NEGLIGENCIA,0,0,0,0,0,0,0,0,1
3,2020,90,FEMENINO,HIJO,40,MASCULINO,SAN MARTIN DE PORRES,CASADO(A),SI,NEGLIGENCIA,0,0,0,0,0,0,0,0,1
3,2020,12,MASCULINO,MADRE,35,FEMENINO,LOMAS DE GUADALUPE,CASADO(A),S/R,F√çSICA/PSICOL√ìGICA,0,0,0,0,1,0,0,1,0
3,2020,80,FEMENINO,HERMANO,60,MASCULINO,JARDINES DE ATIZAPAN,CASADO(A),S/R,ABANDONO,0,1,0,0,0,0,0,0,0
3,2020,16,FEMENINO,MADRE,0,FEMENINO,EL CHAPARRAL,SOLTERO(A),S/R,NEGLIGENCIA/SEXUAL,0,0,0,0,0,1,0,0,1
3,2020,9,MASCULINO,MADRE,0,FEMENINO,EL POTRERO,SOLTERO(A),SI,NEGLIGENCIA,0,0,0,0,0,0,0,0,1
3,2020,4,FEMENINO,MADRE,0,FEMENINO,EL POTRERO,SOLTERO(A),SI,NEGLIGENCIA,0,0,0,0,0,0,0,0,1
3,2020,14,MASCULINO,S/R,0,S/R,LOMAS GUADALUPE,S/R,S/R,NEGLIGENCIA,0,0,0,0,0,0,0,0,1
3,2020,2,MASCULINO,MADRE,0,FEMENINO,LAS FLORES,S/R,S/R,F√çSICA,0,0,0,0,1,0,0,0,0
3,2020,14,MASCULINO,TIA PATERNA,46,FEMENINO,LAS COLONIAS,CASADO(A),S/R,NEGLIGENCIA,0,0,0,0,0,0,0,0,1
3,2020,6,FEMENINO,MADRE,28,FEMENINO,LOMAS DE SAN LORENZO,CASADO(A),SI,NEGLIGENCIA,0,0,0,0,0,0,0,0,1
3,2020,5,FEMENINO,MADRE,28,FEMENINO,LOMAS DE SAN LORENZO,CASADO(A),SI,NEGLIGENCIA,0,0,0,0,0,0,0,0,1
3,2020,3,FEMENINO,MADRE,28,FEMENINO,LOMAS DE SAN LORENZO,CASADO(A),SI,NEGLIGENCIA,0,0,0,0,0,0,0,0,1
3,2020,2,FEMENINO,MADRE,26,FEMENINO,LOMAS DE SAN LORENZO,S/R,SI,F√çSICA/NEGLIGENCIA,0,0,0,0,1,0,0,0,1
3,2020,7,MASCULINO,MADRE,26,FEMENINO,LOMAS DE SAN LORENZO,S/R,SI,F√çSICA/NEGLIGENCIA,0,0,0,0,1,0,0,0,1
3,2020,4,MASCULINO,MADRE,26,FEMENINO,LOMAS DE SAN LORENZO,S/R,SI,F√çSICA/NEGLIGENCIA,0,0,0,0,1,0,0,0,1
3,2020,3,FEMENINO,MADRE,26,FEMENINO,LOMAS DE SAN LORENZO,S/R,SI,F√çSICA/NEGLIGENCIA,0,0,0,0,1,0,0,0,1
3,2020,3,FEMENINO,MADRE,26,FEMENINO,LOMAS DE SAN LORENZO,S/R,S/R,NEGLIGENCIA,0,0,0,0,0,0,0,0,1
3,2020,72,FEMENINO,ESPOSO,78,MASCULINO,LAS ALAMEDAS,CASADO(A),S/R,NEGLIGENCIA,0,0,0,0,0,0,0,0,1
3,2020,2,FEMENINO,MADRE,31,FEMENINO,EL POTRERO,CASADO(A),S/R,NEGLIGENCIA,0,0,0,0,0,0,0,0,1
3,2020,16,MASCULINO,MADRE,46,FEMENINO,RESIDENCIA CHILUCA,CASADO(A),SI,PSICOL√ìGICA,0,0,0,0,0,0,0,1,0
3,2020,75,MASCULINO,SOBRINA,43,FEMENINO,LAZARO CARDENAS,S/R,SI,ABANDONO/NEGLIGENCIA,0,1,0,0,0,0,0,0,1
3,2020,8,FEMENINO,MADRE,35,FEMENINO,MEXICO NUEVO,CASADO(A),NO,NEGLIGENCIA,0,0,0,0,0,0,0,0,1
3,2020,7,FEMENINO,MADRE,26,FEMENINO,SAN LORENZO,CASADO(A),SI,NEGLIGENCIA,0,0,0,0,0,0,0,0,1
3,2020,6,MASCULINO,MADRE,26,FEMENINO,SAN LORENZO,CASADO(A),SI,NEGLIGENCIA,0,0,0,0,0,0,0,0,1
3,2020,3,FEMENINO,MADRE,26,FEMENINO,SAN LORENZO,CASADO(A),SI,NEGLIGENCIA,0,0,0,0,0,0,0,0,1
3,2020,8,FEMENINO,MADRE,31,FEMENINO,BOSQUES DE ATIZAPAN,CASADO(A),SI,NEGLIGENCIA,0,0,0,0,0,0,0,0,1
3,2020,4,MASCULINO,MADRE,31,FEMENINO,BOSQUES DE ATIZAPAN,CASADO(A),SI,NEGLIGENCIA,0,0,0,0,0,0,0,0,1
3,2020,2,MASCULINO,MADRE,31,FEMENINO,BOSQUES DE ATIZAPAN,CASADO(A),SI,NEGLIGENCIA,0,0,0,0,0,0,0,0,1
3,2020,14,FEMENINO,PADRE,37,MASCULINO,HOGARES DE ATIZAPAN,CASADO(A),SI,PSICOL√ìGICA,0,0,0,0,0,0,0,1,0
3,2020,13,FEMENINO,MADRE,35,FEMENINO,LOMAS DE SAN MIGUEL,CASADO(A),SI,SEXUAL,0,0,0,0,0,1,0,0,0
3,2020,3,FEMENINO,PADRE,27,MASCULINO,CRISTOBAL HIGUERA,CASADO(A),SI,NEGLIGENCIA,0,0,0,0,0,0,0,0,1
3,2020,12,FEMENINO,MADRE,39,FEMENINO,HOGARES,CASADO(A),SI,SEXUAL,0,0,0,0,0,1,0,0,0
3,2020,3,MASCULINO,MADRE,21,FEMENINO,LAS ALMAS,CASADO(A),SI,NEGLIGENCIA,0,0,0,0,0,0,0,0,1
3,2020,10,MASCULINO,MADRE,36,FEMENINO,MEXICO 36,S/R,S/R,NEGLIGENCIA,0,0,0,0,0,0,0,0,1
3,2020,13,MASCULINO,PADRE,39,MASCULINO,5 DE MAYO,S/R,S/R,NEGLIGENCIA,0,0,0,0,0,0,0,0,1
3,2020,5,FEMENINO,PADRE,40,MASCULINO,ALFREDO BONFIL,CASADO(A),SI,NEGLIGENCIA,0,0,0,0,0,0,0,0,1
3,2020,7,FEMENINO,PADRE,40,MASCULINO,ALFREDO BONFIL,CASADO(A),SI,NEGLIGENCIA,0,0,0,0,0,0,0,0,1
3,2020,8,MASCULINO,PADRE,40,MASCULINO,ALFREDO BONFIL,CASADO(A),SI,NEGLIGENCIA,0,0,0,0,0,0,0,0,1
3,2020,12,FEMENINO,PADRE,40,MASCULINO,ALFREDO BONFIL,CASADO(A),SI,NEGLIGENCIA,0,0,0,0,0,0,0,0,1
3,2020,16,MASCULINO,MADRE,35,FEMENINO,S/R,S/R,S/R,F√çSICA,0,0,0,0,1,0,0,0,0
3,2020,11,FEMENINO,MADRE,26,FEMENINO,LA HIGUERA,S/R,S/R,NEGLIGENCIA,0,0,0,0,0,0,0,0,1
3,2020,14,FEMENINO,MADRE,47,FEMENINO,LOMAS DE TEPALCAPA,CASADO(A),SI,NEGLIGENCIA,0,0,0,0,0,0,0,0,1
3,2020,9,MASCULINO,MADRE,29,FEMENINO,LAS PALMAS,S/R,S/R,NEGLIGENCIA,0,0,0,0,0,0,0,0,1
3,2020,4,FEMENINO,MADRE,27,FEMENINO,SAN JUAN BOSCO,CASADO(A),SI,NEGLIGENCIA,0,0,0,0,0,0,0,0,1
3,2020,5,MASCULINO,PADRE,32,MASCULINO,HOGARES DE ATIZAPAN,SOLTERO(A),SI,F√çSICA,0,0,0,0,1,0,0,0,0
3,2020,10,MASCULINO,PADRE,32,MASCULINO,HOGARES DE ATIZAPAN,SOLTERO(A),SI,F√çSICA,0,0,0,0,1,0,0,0,0
3,2020,12,FEMENINO,MADRE,33,FEMENINO,SAN MIGUEL XOCHIMANGA,SOLTERO(A),SI,NEGLIGENCIA,0,0,0,0,0,0,0,0,1
3,2020,14,FEMENINO,PADRE,32,MASCULINO,ATIZAPAN 2000,SOLTERO(A),SI,ABANDONO,0,1,0,0,0,0,0,0,0
3,2020,11,MASCULINO,PADRE,32,MASCULINO,ATIZAPAN 2000,SOLTERO(A),SI,ABANDONO,0,1,0,0,0,0,0,0,0
3,2020,3,MASCULINO,MADRE,26,FEMENINO,NUEVO MADIN,SOLTERO(A),S/R,NEGLIGENCIA,0,0,0,0,0,0,0,0,1
3,2020,4,FEMENINO,S/R,20,S/R,S/R,S/R,S/R,PSICOL√ìGICA,0,0,0,0,0,0,0,1,0
3,2020,6,FEMENINO,S/R,18,S/R,VILLAS DE SAN JOSE,S/R,S/R,PSICOL√ìGICA,0,0,0,0,0,0,0,1,0
3,2020,4,FEMENINO,MADRE,0,FEMENINO,MEXICO NUEVO,S/R,S/R,PSICOL√ìGICA/SEXUAL,0,0,0,0,0,1,0,1,0
3,2020,8,MASCULINO,MADRE,20,FEMENINO,MIRAFLORES,S/R,S/R,NEGLIGENCIA,0,0,0,0,0,0,0,0,1
3,2020,12,MASCULINO,MADRE,20,FEMENINO,MIRAFLORES,S/R,S/R,NEGLIGENCIA,0,0,0,0,0,0,0,0,1
3,2020,14,FEMENINO,MADRE,32,FEMENINO,LOMAS DE SAN LORENZO,CASADO(A),S/R,F√çSICA/NEGLIGENCIA,0,0,0,0,1,0,0,0,1
3,2020,13,FEMENINO,MADRE,32,FEMENINO,LOMAS DE SAN LORENZO,CASADO(A),S/R,F√çSICA/NEGLIGENCIA,0,0,0,0,1,0,0,0,1
3,2020,7,FEMENINO,MADRE,32,FEMENINO,LOMAS DE SAN LORENZO,CASADO(A),S/R,F√çSICA/NEGLIGENCIA,0,0,0,0,1,0,0,0,1
3,2020,7,FEMENINO,MADRE,32,FEMENINO,LOMAS DE SAN LORENZO,CASADO(A),S/R,F√çSICA/NEGLIGENCIA,0,0,0,0,1,0,0,0,1
3,2020,8,MASCULINO,MADRE,35,FEMENINO,LOMAS DE GUADALUPE,S/R,SI,NEGLIGENCIA,0,0,0,0,0,0,0,0,1
3,2020,17,FEMENINO,PADRE,0,MASCULINO,DEMETRIO VALLEJO,S/R,S/R,F√çSICA/NEGLIGENCIA,0,0,0,0,1,0,0,0,1
3,2020,0,MASCULINO,PADRE,20,MASCULINO,DEMETRIO VALLEJO,S/R,S/R,NEGLIGENCIA,0,0,0,0,0,0,0,0,1
3,2020,70,MASCULINO,HIJO,40,MASCULINO,CALACOAYA,CASADO(A),S/R,NEGLIGENCIA,0,0,0,0,0,0,0,0,1
3,2020,16,FEMENINO,MADRE,35,FEMENINO,LOMAS DE GUADALUPE,CASADO(A),S/R,F√çSICA/NEGLIGENCIA/PSICOL√ìGICA,0,0,0,0,1,0,0,1,1
3,2020,14,FEMENINO,MADRE,35,FEMENINO,LOMAS DE GUADALUPE,CASADO(A),S/R,F√çSICA/NEGLIGENCIA/PSICOL√ìGICA,0,0,0,0,1,0,0,1,1
3,2020,13,MASCULINO,MADRE,35,FEMENINO,LOMAS DE GUADALUPE,CASADO(A),S/R,F√çSICA/NEGLIGENCIA/PSICOL√ìGICA,0,0,0,0,1,0,0,1,1
3,2020,10,FEMENINO,MADRE,35,FEMENINO,LOMAS DE GUADALUPE,CASADO(A),S/R,F√çSICA/NEGLIGENCIA/PSICOL√ìGICA,0,0,0,0,1,0,0,1,1
3,2020,12,FEMENINO,PADRE,35,MASCULINO,LAS FLORES,CASADO(A),S/R,NEGLIGENCIA,0,0,0,0,0,0,0,0,1
3,2020,8,FEMENINO,PADRE,35,MASCULINO,LAS FLORES,CASADO(A),S/R,NEGLIGENCIA,0,0,0,0,0,0,0,0,1
3,2020,5,MASCULINO,PADRE,35,MASCULINO,LAS FLORES,CASADO(A),S/R,NEGLIGENCIA,0,0,0,0,0,0,0,0,1
3,2020,90,MASCULINO,HIJO,40,MASCULINO,SAN MARTIN DE PORRES,CASADO(A),S/R,NEGLIGENCIA,0,0,0,0,0,0,0,0,1
3,2020,12,MASCULINO,MADRE,35,FEMENINO,LOMAS DE GUADALUPE,S/R,SI,F√çSICA/PSICOL√ìGICA,0,0,0,0,1,0,0,1,0
3,2020,80,FEMENINO,HERMANO,60,MASCULINO,JARDINES DE ATIZAPAN,S/R,S/R,ABANDONO,0,1,0,0,0,0,0,0,0
3,2020,0,S/R,S/R,0,S/R,DEMETRIO VALLEJO,CASADO(A),S/R,NEGLIGENCIA,0,0,0,0,0,0,0,0,1
3,2020,17,FEMENINO,MADRE,0,FEMENINO,EL CHAPARRAL,S/R,S/R,NEGLIGENCIA/SEXUAL,0,0,0,0,0,1,0,0,1
3,2020,9,MASCULINO,MADRE,0,FEMENINO,EL POTRERO,S/R,SI,NEGLIGENCIA,0,0,0,0,0,0,0,0,1
3,2020,4,FEMENINO,MADRE,0,FEMENINO,EL POTRERO,S/R,SI,NEGLIGENCIA,0,0,0,0,0,0,0,0,1
3,2020,14,MASCULINO,PADRE,0,MASCULINO,LOMAS DE GUADALUPE,S/R,S/R,ABANDONO,0,1,0,0,0,0,0,0,0
3,2020,0,MASCULINO,S/R,0,S/R,EL POTRERO,S/R,S/R,NEGLIGENCIA,0,0,0,0,0,0,0,0,1
3,2020,75,MASCULINO,HIJO,44,MASCULINO,JARDINES DE ATIZAPAN,CASADO(A),SI,NEGLIGENCIA/PSICOL√ìGICA,0,0,0,0,0,0,0,1,1
3,2020,3,MASCULINO,ABUELO,79,MASCULINO,LA HIGUERA,S/R,S/R,NEGLIGENCIA,0,0,0,0,0,0,0,0,1
3,2020,11,FEMENINO,ABUELA,46,FEMENINO,SAN MIGUEL XOCHIMANGA,S/R,S/R,NEGLIGENCIA,0,0,0,0,0,0,0,0,1
3,2020,8,FEMENINO,MADRE,30,FEMENINO,LA HIGUERA,CASADO(A),S/R,NEGLIGENCIA,0,0,0,0,0,0,0,0,1
3,2020,6,MASCULINO,MADRE,30,FEMENINO,LA HIGUERA,CASADO(A),S/R,NEGLIGENCIA,0,0,0,0,0,0,0,0,1
3,2020,4,MASCULINO,MADRE,30,FEMENINO,LA HIGUERA,CASADO(A),S/R,NEGLIGENCIA,0,0,0,0,0,0,0,0,1
3,2020,15,MASCULINO,MADRE,35,FEMENINO,LA HIGUERA,S/R,S/R,NEGLIGENCIA,0,0,0,0,0,0,0,0,1
3,2020,12,FEMENINO,MADRE,0,FEMENINO,LOMAS LINDAS,SOLTERO(A),SI,SEXUAL,0,0,0,0,0,1,0,0,0
6,2019,13,MASCULINO,MADRE,42,FEMENINO,5 DE MAYO,SOLTERO(A),NO,NEGLIGENCIA,0,0,0,0,0,0,0,0,1
6,2019,2,MASCULINO,MADRE,17,FEMENINO,5 DE MAYO,CASADO(A),NO,NEGLIGENCIA,0,0,0,0,0,0,0,0,1
6,2019,1,MASCULINO,MADRE,17,FEMENINO,5 DE MAYO,CASADO(A),NO,NEGLIGENCIA,0,0,0,0,0,0,0,0,1
6,2019,15,FEMENINO,PADRE,38,MASCULINO,5 DE MAYO,CASADO(A),SI,PSICOL√ìGICA,0,0,0,0,0,0,0,1,0
6,2019,13,FEMENINO,MADRE,35,FEMENINO,ADOLFO LOPEZ MATEOS,SOLTERO(A),SI,SEXUAL,0,0,0,0,0,1,0,0,0
6,2019,6,MASCULINO,MADRE,25,FEMENINO,AMPLIACION SAN LORENZO,SOLTERO(A),NO,NEGLIGENCIA,0,0,0,0,0,0,0,0,1
6,2019,3,MASCULINO,MADRE,25,FEMENINO,AMPLIACION SAN LORENZO,SOLTERO(A),NO,NEGLIGENCIA,0,0,0,0,0,0,0,0,1
6,2019,5,MASCULINO,MADRE,27,FEMENINO,CALACOAYA,SOLTERO(A),SI,NEGLIGENCIA,0,0,0,0,0,0,0,0,1
6,2019,15,FEMENINO,PAREJA,60,MASCULINO,CHALMA,SOLTERO(A),SI,F√çSICA/SEXUAL,0,0,0,0,1,1,0,0,0
6,2019,14,FEMENINO,MADRE,29,FEMENINO,EJIDOS DE SAN MIGUEL CHALMA,SOLTERO(A),NO,NEGLIGENCIA,0,0,0,0,0,0,0,0,1
6,2019,12,MASCULINO,MADRE,29,FEMENINO,EJIDOS DE SAN MIGUEL CHALMA,SOLTERO(A),NO,NEGLIGENCIA,0,0,0,0,0,0,0,0,1
6,2019,16,FEMENINO,MADRE,49,FEMENINO,EX HACIENDA DEL PEDREGAL,SOLTERO(A),SI,NEGLIGENCIA,0,0,0,0,0,0,0,0,1
6,2019,0,FEMENINO,MADRE,44,FEMENINO,EX HACIENDA DEL PEDREGAL,SOLTERO(A),NO,ABANDONO,0,1,0,0,0,0,0,0,0
6,2019,71,MASCULINO,HIJO,42,MASCULINO,LAS AGUILAS,CASADO(A),SI,ABANDONO,0,1,0,0,0,0,0,0,0
6,2019,13,MASCULINO,MADRE,47,FEMENINO,LAS ARBOLEDAS,CASADO(A),SI,PSICOL√ìGICA,0,0,0,0,0,0,0,1,0
6,2019,7,MASCULINO,MADRINA,65,FEMENINO,LAS COLONIAS,CASADO(A),NO,F√çSICA,0,0,0,0,1,0,0,0,0
6,2019,7,MASCULINO,T√çA,53,FEMENINO,LAS PENITAS,SOLTERO(A),SI,PSICOL√ìGICA,0,0,0,0,0,0,0,1,0
6,2019,6,FEMENINO,T√çA,53,FEMENINO,LAS PENITAS,SOLTERO(A),SI,PSICOL√ìGICA,0,0,0,0,0,0,0,1,0
6,2019,4,FEMENINO,T√çA,53,FEMENINO,LAS PENITAS,SOLTERO(A),SI,PSICOL√ìGICA,0,0,0,0,0,0,0,1,0
6,2019,16,FEMENINO,PADRE,64,MASCULINO,LOMAS DE ATIZAPAN,SOLTERO(A),SI,ABANDONO,0,1,0,0,0,0,0,0,0
6,2019,15,MASCULINO,MADRE,40,FEMENINO,LOMAS DE SAN LORENZO,SOLTERO(A),SI,NEGLIGENCIA,0,0,0,0,0,0,0,0,1
6,2019,12,MASCULINO,MADRE,40,FEMENINO,LOMAS DE SAN LORENZO,SOLTERO(A),SI,NEGLIGENCIA,0,0,0,0,0,0,0,0,1
6,2019,13,FEMENINO,MADRE,37,FEMENINO,LOMAS DE SAN MIGUEL,SOLTERO(A),SI,F√çSICA,0,0,0,0,1,0,0,0,0
6,2019,2,MASCULINO,PADRE,30,MASCULINO,LOS OLIVOS,SOLTERO(A),SI,NEGLIGENCIA,0,0,0,0,0,0,0,0,1
6,2019,3,FEMENINO,MADRE,27,FEMENINO,MEXICO NUEVO,SOLTERO(A),SI,NEGLIGENCIA,0,0,0,0,0,0,0,0,1
6,2019,3,MASCULINO,MADRE,22,FEMENINO,PROFESOR CRISTOBAL HIGUERA,SOLTERO(A),NO,F√çSICA,0,0,0,0,1,0,0,0,0
6,2019,13,MASCULINO,PADRE,32,MASCULINO,PROFESOR CRISTOBAL HIGUERA,CASADO(A),SI,NEGLIGENCIA,0,0,0,0,0,0,0,0,1
6,2019,11,FEMENINO,PADRE,32,MASCULINO,PROFESOR CRISTOBAL HIGUERA,CASADO(A),SI,NEGLIGENCIA,0,0,0,0,0,0,0,0,1
6,2019,9,MASCULINO,PADRE,32,MASCULINO,PROFESOR CRISTOBAL HIGUERA,CASADO(A),SI,NEGLIGENCIA,0,0,0,0,0,0,0,0,1
6,2019,15,MASCULINO,MADRE,48,FEMENINO,REVOLUCION,CASADO(A),SI,ABANDONO,0,1,0,0,0,0,0,0,0
6,2019,14,FEMENINO,MADRE,31,FEMENINO,SAN JUAN IXTACALA,CASADO(A),SI,F√çSICA,0,0,0,0,1,0,0,0,0
6,2019,16,FEMENINO,MADRE,37,FEMENINO,SAN JUAN IXTACALA,CASADO(A),SI,F√çSICA,0,0,0,0,1,0,0,0,0
6,2019,8,MASCULINO,MADRE,37,FEMENINO,SAN JUAN IXTACALA,CASADO(A),SI,F√çSICA,0,0,0,0,1,0,0,0,0
6,2019,14,MASCULINO,MADRE,30,FEMENINO,SAN JUAN IXTACALA,SOLTERO(A),NO,NEGLIGENCIA,0,0,0,0,0,0,0,0,1
6,2019,12,MASCULINO,MADRE,50,FEMENINO,SAN LORENZO,CASADO(A),SI,NEGLIGENCIA,0,0,0,0,0,0,0,0,1
6,2019,13,FEMENINO,MADRASTRA,30,FEMENINO,SAN LORENZO,CASADO(A),NO,F√çSICA,0,0,0,0,1,0,0,0,0
6,2019,14,FEMENINO,PADRASTRO,35,MASCULINO,SAN MARTIN DE PORRES,CASADO(A),SI,F√çSICA,0,0,0,0,1,0,0,0,0
6,2019,14,MASCULINO,MADRE,37,FEMENINO,SAN MARTIN DE PORRES,CASADO(A),SI,NEGLIGENCIA,0,0,0,0,0,0,0,0,1
6,2019,12,MASCULINO,MADRE,32,FEMENINO,SAN MARTIN DE PORRES,SOLTERO(A),SI,NEGLIGENCIA,0,0,0,0,0,0,0,0,1
6,2019,10,MASCULINO,MADRE,32,FEMENINO,SAN MARTIN DE PORRES,SOLTERO(A),SI,NEGLIGENCIA,0,0,0,0,0,0,0,0,1
6,2019,5,FEMENINO,MADRE,32,FEMENINO,SAN MARTIN DE PORRES,SOLTERO(A),SI,NEGLIGENCIA,0,0,0,0,0,0,0,0,1
6,2019,16,FEMENINO,PADRASTRO,51,MASCULINO,SAN MIGUEL XOCHIMANGA,CASADO(A),SI,PSICOL√ìGICA,0,0,0,0,0,0,0,1,0
6,2019,6,MASCULINO,MADRE,25,FEMENINO,UAM,SOLTERO(A),NO,NEGLIGENCIA,0,0,0,0,0,0,0,0,1
6,2019,8,MASCULINO,MADRE,27,FEMENINO,VILLAS DE LAS PALMAS,SOLTERO(A),SI,F√çSICA,0,0,0,0,1,0,0,0,0
3,2021,0,FEMENINO,MADRE,22,FEMENINO,EX HACIENDA DEL PEDREGAL,SOLTERO(A),NO,ABANDONO,0,1,0,0,0,0,0,0,0
3,2021,0,MASCULINO,MADRE,17,FEMENINO,ADOLFO LOPEZ MATEOS,SOLTERO(A),NO,NEGLIGENCIA,0,0,0,0,0,0,0,0,1
3,2021,16,FEMENINO,MADRE,49,FEMENINO,AMPLIACION SAN LORENZO,CASADO(A),SI,NEGLIGENCIA,0,0,0,0,0,0,0,0,1
3,2021,88,FEMENINO,HIJA,58,FEMENINO,BARRIO NORTE,CASADO(A),NO,PSICOL√ìGICA,0,0,0,0,0,0,0,1,0
3,2021,10,FEMENINO,MADRE,35,FEMENINO,DEMETRIO VALLEJO,SOLTERO(A),SI,ABANDONO,0,1,0,0,0,0,0,0,0
3,2021,90,FEMENINO,HIJA,63,FEMENINO,EL POTRERO,SOLTERO(A),SI,ABANDONO,0,1,0,0,0,0,0,0,0
3,2021,3,MASCULINO,MADRE,35,FEMENINO,LAS AGUILAS,SOLTERO(A),SI,NEGLIGENCIA,0,0,0,0,0,0,0,0,1
3,2021,17,MASCULINO,S/R,50,FEMENINO,LAS ALAMEDAS,SOLTERO(A),NO,ABANDONO,0,1,0,0,0,0,0,0,0
3,2021,92,FEMENINO,HIJO,59,MASCULINO,LAS PENITAS,SOLTERO(A),SI,NEGLIGENCIA,0,0,0,0,0,0,0,0,1
3,2021,13,MASCULINO,PADRASTRO,43,MASCULINO,LOMAS DE SAN LORENZO,CASADO(A),SI,F√çSICA,0,0,0,0,1,0,0,0,0
3,2021,2,MASCULINO,MADRE,22,FEMENINO,LOMAS DE TEPALCAPA,SOLTERO(A),SI,F√çSICA,0,0,0,0,1,0,0,0,0
3,2021,11,FEMENINO,MADRE,48,FEMENINO,MEXICO NUEVO,SOLTERO(A),NO,NEGLIGENCIA,0,0,0,0,0,0,0,0,1
3,2021,9,MASCULINO,ABUELA,56,FEMENINO,RANCHO CASTRO,SOLTERO(A),SI,F√çSICA,0,0,0,0,1,0,0,0,0
3,2021,82,FEMENINO,HIJA,48,FEMENINO,LAS ARBOLEDAS,SOLTERO(A),NO,F√çSICA,0,0,0,0,1,0,0,0,0
3,2021,4,FEMENINO,MADRE,31,FEMENINO,MEXICO NUEVO,UNI√ìN LIBRE,NO,NEGLIGENCIA,0,0,0,0,0,0,0,0,1
3,2021,3,MASCULINO,MADRE,31,FEMENINO,MEXICO NUEVO,UNI√ìN LIBRE,NO,NEGLIGENCIA,0,0,0,0,0,0,0,0,1
3,2021,7,MASCULINO,MADRE,41,FEMENINO,LOMAS DE ATIZAPAN,UNI√ìN LIBRE,SI,PSICOL√ìGICA,0,0,0,0,0,0,0,1,0
3,2021,9,MASCULINO,MADRE,29,FEMENINO,ATIZAPAN CENTRO,CASADO(A),NO,PSICOL√ìGICA,0,0,0,0,0,0,0,1,0
3,2021,7,FEMENINO,PADRE,31,MASCULINO,ATIZAPAN CENTRO,CASADO(A),SI,PSICOL√ìGICA,0,0,0,0,0,0,0,1,0
3,2021,0,MASCULINO,MADRE,21,FEMENINO,BARRIO NORTE,SOLTERO(A),NO,ABANDONO,0,1,0,0,0,0,0,0,0
3,2021,70,FEMENINO,HIJO,48,MASCULINO,CAMPISTRANO,SOLTERO(A),SI,NEGLIGENCIA,0,0,0,0,0,0,0,0,1
3,2021,19,FEMENINO,MADRE,37,FEMENINO,MEXICO NUEVO,UNI√ìN LIBRE,NO,NEGLIGENCIA,0,0,0,0,0,0,0,0,1
3,2021,13,FEMENINO,MADRE,34,FEMENINO,BARRIO NORTE,UNI√ìN LIBRE,SI,NEGLIGENCIA,0,0,0,0,0,0,0,0,1
3,2021,80,MASCULINO,HIJO,58,MASCULINO,LAZARO CARDENAS,UNI√ìN LIBRE,SI,NEGLIGENCIA,0,0,0,0,0,0,0,0,1
3,2021,13,MASCULINO,MADRE,47,FEMENINO,PROFESOR CRISTOBAL HIGUERA,UNI√ìN LIBRE,SI,NEGLIGENCIA,0,0,0,0,0,0,0,0,1
3,2021,0,FEMENINO,MADRE,18,FEMENINO,HOGARES DE ATIZAPAN,SOLTERO(A),NO,NEGLIGENCIA,0,0,0,0,0,0,0,0,1
3,2021,16,FEMENINO,TIA ABUELA,66,FEMENINO,ATIZAPAN CENTRO,SOLTERO(A),NO,ABANDONO,0,1,0,0,0,0,0,0,0
3,2021,6,FEMENINO,MADRE,41,FEMENINO,LOMAS DE TEPALCAPA,UNI√ìN LIBRE,NO,SEXUAL,0,0,0,0,0,1,0,0,0
3,2021,16,FEMENINO,PADRE,45,MASCULINO,SAN MIGUEL XOCHIMANGA,UNI√ìN LIBRE,SI,ABANDONO,0,1,0,0,0,0,0,0,0
3,2021,15,FEMENINO,PADRE,45,MASCULINO,SAN MIGUEL XOCHIMANGA,UNI√ìN LIBRE,SI,ABANDONO,0,1,0,0,0,0,0,0,0
3,2021,14,MASCULINO,PADRE,45,MASCULINO,SAN MARTIN DE PORRES,CASADO(A),SI,NEGLIGENCIA,0,0,0,0,0,0,0,0,1
3,2021,16,MASCULINO,PADRE,45,MASCULINO,SAN MARTIN DE PORRES,CASADO(A),SI,NEGLIGENCIA,0,0,0,0,0,0,0,0,1
3,2021,90,MASCULINO,HIJO,58,MASCULINO,SAN JOSE DEL JARAL,UNI√ìN LIBRE,NO,NEGLIGENCIA,0,0,0,0,0,0,0,0,1
3,2021,1,FEMENINO,MADRE,27,FEMENINO,LAS PENITAS,UNI√ìN LIBRE,NO,NEGLIGENCIA,0,0,0,0,0,0,0,0,1
3,2021,14,MASCULINO,MADRE,36,FEMENINO,SAN MATEO,UNI√ìN LIBRE,NO,NEGLIGENCIA,0,0,0,0,0,0,0,0,1
3,2021,82,MASCULINO,HIJO,46,MASCULINO,LOMAS DE ATIZAPAN,UNI√ìN LIBRE,SI,PSICOL√ìGICA,0,0,0,0,0,0,0,1,0
3,2021,68,MASCULINO,HIJO,46,MASCULINO,LOMAS DE ATIZAPAN,UNI√ìN LIBRE,SI,PSICOL√ìGICA,0,0,0,0,0,0,0,1,0
3,2021,7,FEMENINO,MADRE,25,FEMENINO,MIRAFLORES,SOLTERO(A),SI,F√çSICA,0,0,0,0,1,0,0,0,0
3,2021,17,FEMENINO,MADRE,38,FEMENINO,LAS PENITAS,UNI√ìN LIBRE,NO,NEGLIGENCIA,0,0,0,0,0,0,0,0,1
3,2021,10,FEMENINO,MADRE,38,FEMENINO,LAS PENITAS,UNI√ìN LIBRE,NO,NEGLIGENCIA,0,0,0,0,0,0,0,0,1
3,2021,13,MASCULINO,T√çA,48,FEMENINO,PROFESOR CRISTOBAL HIGUERA,UNI√ìN LIBRE,NO,PSICOL√ìGICA,0,0,0,0,0,0,0,1,0
3,2021,9,FEMENINO,T√çA,48,FEMENINO,PROFESOR CRISTOBAL HIGUERA,UNI√ìN LIBRE,NO,PSICOL√ìGICA,0,0,0,0,0,0,0,1,0
3,2021,11,MASCULINO,MADRE,35,FEMENINO,SAN MIGUEL,SOLTERO(A),SI,NEGLIGENCIA,0,0,0,0,0,0,0,0,1
3,2021,8,MASCULINO,MADRE,35,FEMENINO,SAN MIGUEL,SOLTERO(A),SI,NEGLIGENCIA,0,0,0,0,0,0,0,0,1
3,2021,3,MASCULINO,MADRE,22,FEMENINO,MIRAFLORES,UNI√ìN LIBRE,NO,NEGLIGENCIA,0,0,0,0,0,0,0,0,1
3,2021,1,MASCULINO,MADRE,22,FEMENINO,MIRAFLORES,UNI√ìN LIBRE,NO,NEGLIGENCIA,0,0,0,0,0,0,0,0,1
3,2021,84,FEMENINO,HIJO,51,MASCULINO,LOMAS DE TEPALCAPA,UNI√ìN LIBRE,SI,NEGLIGENCIA,0,0,0,0,0,0,0,0,1
3,2021,95,MASCULINO,ESPOSA,59,FEMENINO,PROFESOR CRISTOBAL HIGUERA,CASADO(A),SI,ABANDONO,0,1,0,0,0,0,0,0,0
3,2021,15,MASCULINO,MADRE,42,FEMENINO,LOMAS DE SAN MIGUEL,SOLTERO(A),NO,NEGLIGENCIA,0,0,0,0,0,0,0,0,1
3,2021,11,FEMENINO,MADRE,47,FEMENINO,VILLAS DE LAS TORRES,UNI√ìN LIBRE,SI,NEGLIGENCIA,0,0,0,0,0,0,0,0,1
3,2021,7,MASCULINO,MADRE,47,FEMENINO,VILLAS DE LAS TORRES,UNI√ìN LIBRE,SI,NEGLIGENCIA,0,0,0,0,0,0,0,0,1
3,2021,7,FEMENINO,MADRE,33,FEMENINO,LAZARO CARDENAS,SOLTERO(A),SI,F√çSICA,0,0,0,0,1,0,0,0,0
3,2021,81,FEMENINO,HIJO,46,MASCULINO,JARDINES DE ATIZAPAN,CASADO(A),SI,PSICOL√ìGICA,0,0,0,0,0,0,0,1,0
3,2021,7,MASCULINO,MADRE,24,FEMENINO,MEXICO 86,SOLTERO(A),SI,MALTRATO,1,0,0,0,0,0,0,0,0
3,2021,4,FEMENINO,MADRE,24,FEMENINO,MEXICO 87,SOLTERO(A),SI,MALTRATO,1,0,0,0,0,0,0,0,0
3,2021,6,MASCULINO,MADRE,24,FEMENINO,MEXICO 88,SOLTERO(A),SI,MALTRATO,1,0,0,0,0,0,0,0,0
3,2021,15,MASCULINO,MADRE,43,FEMENINO,SAN MATEO,SOLTERO(A),SI,NEGLIGENCIA,0,0,0,0,0,0,0,0,1
3,2021,12,FEMENINO,T√çA,45,FEMENINO,SAN MARTIN DE PORRES,SOLTERO(A),SI,NEGLIGENCIA,0,0,0,0,0,0,0,0,1
3,2021,75,FEMENINO,HIJO,40,MASCULINO,EXPLANADA DE CALACOAYA,SOLTERO(A),SI,NEGLIGENCIA,0,0,0,0,0,0,0,0,1
3,2021,12,FEMENINO,MADRE,30,FEMENINO,SAN JOSE DEL JARAL,SOLTERO(A),SI,PSICOL√ìGICA,0,0,0,0,0,0,0,1,0
3,2021,5,MASCULINO,MADRE,35,FEMENINO,BARRIO NORTE,CASADO(A),SI,NEGLIGENCIA,0,0,0,0,0,0,0,0,1
3,2021,2,FEMENINO,MADRE,35,FEMENINO,BARRIO NORTE,CASADO(A),SI,NEGLIGENCIA,0,0,0,0,0,0,0,0,1
3,2021,4,FEMENINO,PADRE,56,MASCULINO,SANCHO CASTRO,UNI√ìN LIBRE,SI,F√çSICA,0,0,0,0,1,0,0,0,0
